<Blobdetection><object><polygon><pt><x>28</x><y>87.5</y></pt><pt><x>23</x><y>86.5</y></pt><pt><x>18</x><y>86.5</y></pt><pt><x>17.5</x><y>87</y></pt><pt><x>15.5</x><y>100</y></pt><pt><x>15.5</x><y>132</y></pt><pt><x>16.5</x><y>138</y></pt><pt><x>17.5</x><y>143</y></pt><pt><x>20.5</x><y>156</y></pt><pt><x>22.5</x><y>164</y></pt><pt><x>27.5</x><y>179</y></pt><pt><x>29.5</x><y>184</y></pt><pt><x>31</x><y>185.5</y></pt><pt><x>34</x><y>186.5</y></pt><pt><x>46</x><y>186.5</y></pt><pt><x>46.5</x><y>186</y></pt><pt><x>51.5</x><y>175</y></pt><pt><x>51.5</x><y>167</y></pt><pt><x>29.5</x><y>89</y></pt><pt><x>28</x><y>87.5</y></pt></polygon></object><object><polygon><pt><x>78</x><y>12.5</y></pt><pt><x>63</x><y>12.5</y></pt><pt><x>24</x><y>13.5</y></pt><pt><x>20</x><y>14.5</y></pt><pt><x>19.5</x><y>15</y></pt><pt><x>18.5</x><y>19</y></pt><pt><x>17.5</x><y>27</y></pt><pt><x>16.5</x><y>46</y></pt><pt><x>16.5</x><y>56</y></pt><pt><x>27.5</x><y>76</y></pt><pt><x>28</x><y>76.5</y></pt><pt><x>32</x><y>77.5</y></pt><pt><x>38</x><y>78.5</y></pt><pt><x>52</x><y>78.5</y></pt><pt><x>91</x><y>76.5</y></pt><pt><x>113</x><y>74.5</y></pt><pt><x>142</x><y>69.5</y></pt><pt><x>152</x><y>67.5</y></pt><pt><x>164</x><y>64.5</y></pt><pt><x>173</x><y>61.5</y></pt><pt><x>173.5</x><y>61</y></pt><pt><x>173.5</x><y>54</y></pt><pt><x>165.5</x><y>16</y></pt><pt><x>165</x><y>15.5</y></pt><pt><x>78</x><y>12.5</y></pt></polygon></object><object><polygon><pt><x>58</x><y>99.5</y></pt><pt><x>46</x><y>91.5</y></pt><pt><x>44</x><y>90.5</y></pt><pt><x>40</x><y>89.5</y></pt><pt><x>34</x><y>88.5</y></pt><pt><x>28</x><y>88.5</y></pt><pt><x>27.5</x><y>89</y></pt><pt><x>27.5</x><y>128</y></pt><pt><x>45.5</x><y>184</y></pt><pt><x>46.5</x><y>187</y></pt><pt><x>47</x><y>187.5</y></pt><pt><x>77</x><y>187.5</y></pt><pt><x>106</x><y>185.5</y></pt><pt><x>109</x><y>184.5</y></pt><pt><x>109.5</x><y>184</y></pt><pt><x>109.5</x><y>179</y></pt><pt><x>108.5</x><y>175</y></pt><pt><x>101.5</x><y>148</y></pt><pt><x>98.5</x><y>141</y></pt><pt><x>95.5</x><y>136</y></pt><pt><x>76.5</x><y>115</y></pt><pt><x>70</x><y>108.5</y></pt><pt><x>58</x><y>99.5</y></pt></polygon></object><object><polygon><pt><x>154.5</x><y>82</y></pt><pt><x>146.5</x><y>91</y></pt><pt><x>139.5</x><y>100</y></pt><pt><x>133.5</x><y>109</y></pt><pt><x>127.5</x><y>119</y></pt><pt><x>115.5</x><y>140</y></pt><pt><x>112.5</x><y>146</y></pt><pt><x>112.5</x><y>157</y></pt><pt><x>117.5</x><y>182</y></pt><pt><x>118.5</x><y>186</y></pt><pt><x>119</x><y>186.5</y></pt><pt><x>164</x><y>186.5</y></pt><pt><x>176</x><y>184.5</y></pt><pt><x>176.5</x><y>184</y></pt><pt><x>180.5</x><y>168</y></pt><pt><x>181.5</x><y>163</y></pt><pt><x>182.5</x><y>157</y></pt><pt><x>184.5</x><y>144</y></pt><pt><x>185.5</x><y>136</y></pt><pt><x>186.5</x><y>126</y></pt><pt><x>186.5</x><y>99</y></pt><pt><x>185.5</x><y>91</y></pt><pt><x>184.5</x><y>86</y></pt><pt><x>181.5</x><y>76</y></pt><pt><x>180.5</x><y>73</y></pt><pt><x>179.5</x><y>71</y></pt><pt><x>179</x><y>70.5</y></pt><pt><x>175</x><y>70.5</y></pt><pt><x>164</x><y>74.5</y></pt><pt><x>160</x><y>76.5</y></pt><pt><x>154.5</x><y>82</y></pt></polygon></object></Blobdetection>